movie_title,release_date,genre,mpaa_rating,total_gross,inflation_adjusted_gross,is_franchise,release_year,release_month,inflation_multiplier
Snow White and the Seven Dwarfs,1937-12-21,Musical,G,184925485,5228953251,False,1937,December,28.27600128235435
Pinocchio,1940-02-09,Adventure,G,84300000,2188229052,False,1940,February,25.95764
Fantasia,1940-11-13,Musical,G,83320000,2187090808,False,1940,November,26.249289582333173
Song of the South,1946-11-12,Adventure,G,65000000,1078510579,False,1946,November,16.592470446153847
Cinderella,1950-02-15,Drama,G,85000000,920608730,False,1950,February,10.83069094117647
"20,000 Leagues Under the Sea",1954-12-23,Adventure,Not Rated,28200000,528279994,True,1954,December,18.733333120567377
Lady and the Tramp,1955-06-22,Drama,G,93600000,1236035515,False,1955,June,13.20550763888889
Sleeping Beauty,1959-01-29,Drama,Not Rated,9464608,21505832,False,1959,January,2.2722369484293488
101 Dalmatians,1961-01-25,Comedy,G,153000000,1362870985,False,1961,January,8.907653496732026
The Absent Minded Professor,1961-03-16,Comedy,Not Rated,25381407,310094574,False,1961,March,12.217391021703406
Babes in Toyland,1961-12-14,Musical,G,10218316,124841160,False,1961,December,12.217390810775473
Bon Voyage!,1962-05-17,Comedy,Not Rated,9230769,109581646,False,1962,May,11.871345280116966
The Sword in the Stone,1963-12-25,Adventure,Not Rated,22182353,153870834,False,1963,December,6.9366326466809
The Jungle Book,1967-10-18,Musical,Not Rated,141843000,789612346,False,1967,October,5.566805171915427
Blackbeard's Ghost,1968-02-08,Comedy,Not Rated,21540050,138612686,False,1968,February,6.4351144031699095
The Aristocats,1970-04-24,Musical,G,55675257,255161499,False,1970,April,4.583032261530468
The Boatniks,1970-07-01,Comedy,Not Rated,18607492,101200742,False,1970,July,5.438709418765302
Bedknobs and Broomsticks,1971-10-07,Musical,Not Rated,17871174,91305448,False,1971,October,5.109090650675776
The Apple Dumpling Gang,1975-07-01,Comedy,Not Rated,31916500,131246872,False,1975,July,4.112195008851221
Freaky Friday,1977-01-21,Comedy,Not Rated,25942000,98067733,False,1977,January,3.780268791920438
The Many Adventures of Winnie the Pooh,1977-03-11,Other,Not Rated,0,0,False,1977,March,
The Rescuers,1977-06-22,Adventure,Not Rated,48775599,159743914,False,1977,June,3.275078467001502
Herbie Goes to Monte Carlo,1977-06-24,Other,Not Rated,28000000,105847527,False,1977,June,3.7802688214285713
The Black Hole,1979-12-21,Other,Not Rated,35841901,120377374,False,1979,December,3.3585655515314325
Midnight Madness,1980-02-08,Other,Not Rated,2900000,9088096,False,1980,February,3.133826206896552
The Last Flight of Noah’s Ark,1980-06-25,Other,Not Rated,11000000,34472116,False,1980,June,3.133828727272727
The Devil and Max Devlin,1981-01-01,Other,Not Rated,16000000,48517980,False,1981,January,3.03237375
Amy,1981-03-20,Drama,Not Rated,0,0,False,1981,March,
The Fox and the Hound,1981-07-10,Comedy,Not Rated,43899231,133118889,False,1981,July,3.0323740522926244
Condorman,1981-08-07,Action,Not Rated,0,0,False,1981,August,
Night Crossing,1982-02-05,Drama,Not Rated,4500000,12903059,False,1982,February,2.8673464444444443
Tron,1982-07-09,Action,Not Rated,26918576,77184895,False,1982,July,2.8673468834309808
Tex,1982-11-19,Drama,Not Rated,7199408,20643199,False,1982,November,2.867346731842396
Trenchcoat,1983-03-11,Comedy,Not Rated,4304286,11519089,False,1983,March,2.676190429725162
Something Wicked This Way Comes,1983-04-29,Horror,Not Rated,5656087,15136765,False,1983,April,2.67619027076493
Never Cry Wolf,1983-10-07,Drama,Not Rated,27668764,70669955,False,1983,October,2.554142100456674
Running Brave,1983-11-04,Drama,Not Rated,1204595,3223725,False,1983,November,2.6761899227541206
Splash,1984-03-09,Comedy,PG,62599495,157057661,False,1984,March,2.508928562442876
Country,1984-09-29,Drama,Not Rated,8400000,21075000,False,1984,September,2.5089285714285716
Baby: Secret of the Lost Legend,1985-03-22,Adventure,Not Rated,14276095,33900697,False,1985,March,2.374647759068569
Return to Oz,1985-06-21,Adventure,Not Rated,10618813,25215934,False,1985,June,2.3746471474730746
The Black Cauldron,1985-07-24,Adventure,Not Rated,21288692,50553142,False,1985,July,2.374647629830898
My Science Project,1985-08-09,Comedy,Not Rated,4100000,9736051,False,1985,August,2.374646585365854
The Journey of Natty Gann,1985-09-27,Drama,Not Rated,9468512,22302956,False,1985,September,2.3554869022714446
One Magic Christmas,1985-11-22,Drama,Not Rated,13229514,31415432,False,1985,November,2.3746474738225456
Down and Out in Beverly Hills,1986-01-31,Comedy,R,62134225,141183693,False,1986,January,2.2722371285712506
Off Beat,1986-04-11,Comedy,Not Rated,4842778,11003932,False,1986,April,2.2722354813704033
Ruthless People,1986-06-27,Comedy,R,71624879,162748712,False,1986,June,2.272237164966101
The Great Mouse Detective,1986-07-02,Adventure,Not Rated,23605534,53637367,False,1986,July,2.2722369678228844
Flight of the Navigator,1986-07-30,Adventure,Not Rated,18564613,42183197,False,1986,July,2.272236808814706
Tough Guys,1986-10-03,Comedy,Not Rated,21458229,48758184,False,1986,October,2.272237098411057
The Color of Money,1986-10-17,Drama,R,52293000,117957323,False,1986,October,2.2557000554567535
Outrageous Fortune,1987-01-30,Comedy,R,52864741,113976921,False,1987,January,2.156010203473805
Tin Men,1987-03-06,Comedy,Not Rated,25411386,54787202,False,1987,March,2.1560099870192047
Ernest Goes to Camp,1987-05-22,Comedy,Not Rated,23509382,50686462,False,1987,May,2.156009970827817
Benji the Hunted,1987-06-05,Adventure,Not Rated,15212539,32798382,False,1987,June,2.156009723294711
Adventures in Babysitting,1987-07-03,Comedy,Not Rated,33790923,72853569,False,1987,July,2.1560100326350957
Stakeout,1987-08-05,Comedy,R,65673233,141592160,False,1987,August,2.156010196726572
Can't Buy Me Love,1987-08-14,Romantic Comedy,Not Rated,31623833,68181300,False,1987,August,2.156009994107925
Hello Again,1987-11-06,Comedy,Not Rated,20419446,44024529,False,1987,November,2.15600996226832
3 Men and a Baby,1987-11-25,Comedy,PG,167780960,353334607,True,1987,November,2.1059279133937485
Good Morning Vietnam,1987-12-23,Comedy,R,123922370,254414837,False,1987,December,2.0530178449621324
Shoot to Kill,1988-02-12,Action,Not Rated,29300000,60097074,False,1988,February,2.051094675767918
D.O.A.,1988-03-18,Thriller/Suspense,Not Rated,12706478,26062188,False,1988,March,2.0510945676685544
Return to Snowy River,1988-04-15,Adventure,PG,13687027,28073384,False,1988,April,2.0510943684117815
Big Business,1988-06-10,Comedy,PG,40150487,82352451,False,1988,June,2.051094697805284
Who Framed Roger Rabbit?,1988-06-22,Comedy,PG,154112492,316250084,False,1988,June,2.0520730013242536
Cocktail,1988-07-29,Drama,R,78222753,160442289,False,1988,July,2.051094890510949
The Rescue,1988-08-05,Action,Not Rated,5855392,12009960,False,1988,August,2.051094102666397
Heartbreak Hotel,1988-09-30,Comedy,Not Rated,5509417,11300331,False,1988,September,2.0510937908675273
The Good Mother,1988-11-04,Drama,Not Rated,4764606,9772655,False,1988,November,2.051094046391244
Ernest Saves Christmas,1988-11-11,Comedy,PG,28202109,57845202,False,1988,November,2.0510949021578493
Oliver & Company,1988-11-18,Adventure,G,49576671,102254492,False,1988,November,2.062552606648397
Beaches,1988-12-21,Drama,PG-13,57041866,120381757,False,1988,December,2.110410571070729
Three Fugitives,1989-01-27,Comedy,PG-13,40590000,85757817,False,1989,January,2.112781892091648
New York Stories,1989-03-01,Drama,PG,10763469,22740861,False,1989,March,2.1127817620880407
Disorganized Crime,1989-04-14,Comedy,Not Rated,7210149,15233465,False,1989,April,2.1127808870524034
Dead Poets Society,1989-06-02,Drama,PG,95860116,202531517,False,1989,June,2.1127818893939163
"Honey, I Shrunk the Kids",1989-06-23,Adventure,PG,130724172,276191669,False,1989,June,2.11278193446886
Turner & Hooch,1989-07-28,Comedy,PG,71079915,150176361,False,1989,July,2.1127819440977103
Cheetah,1989-08-18,Adventure,Not Rated,7882250,16653473,False,1989,August,2.1127816296108346
An Innocent Man,1989-10-06,Drama,R,19397847,40983414,False,1989,October,2.112781588595889
Gross Anatomy,1989-10-20,Drama,PG-13,11346186,23972012,False,1989,October,2.112781510897142
The Little Mermaid,1989-11-15,Adventure,G,111543479,223726012,False,1989,November,2.0057291919324123
Blaze,1989-12-13,Drama,R,19049727,39884640,False,1989,December,2.093711894138955
Stella,1990-02-02,Drama,PG-13,20062347,40077147,False,1990,February,1.9976300380010374
Where the Heart Is,1990-02-23,Comedy,Not Rated,1106475,2210321,False,1990,February,1.997623986081927
Pretty Woman,1990-03-23,Romantic Comedy,R,178406268,356389765,False,1990,March,1.997630290657725
Ernest Goes to Jail,1990-04-06,Comedy,PG,25029569,49999822,False,1990,April,1.997630162948471
Spaced Invaders,1990-04-27,Comedy,PG,15000000,29964452,False,1990,April,1.9976301333333333
Fire Birds,1990-05-24,Action,PG-13,14760451,29485923,False,1990,May,1.9976302214613904
Dick Tracy,1990-06-15,Action,PG,103738726,207231621,False,1990,June,1.9976302870733154
Betsy's Wedding,1990-06-22,Comedy,R,19740070,39433357,False,1990,June,1.9976300489309309
Arachnophobia,1990-07-18,Thriller/Suspense,PG-13,53208180,106290270,False,1990,July,1.9976302515891353
DuckTales: The Movie - Treasure of th…,1990-08-03,Adventure,G,18075331,36107823,False,1990,August,1.9976299742450083
Taking Care of Business,1990-08-17,Comedy,R,20005435,39963460,False,1990,August,1.9976301440083657
Mr. Destiny,1990-10-12,Comedy,PG-13,15379253,30722056,False,1990,October,1.9976299238981243
The Rescuers Down Under,1990-11-16,Adventure,G,27931461,55796728,False,1990,November,1.9976301275468549
3 Men and a Little Lady,1990-11-21,Comedy,PG,71609321,143108869,True,1990,November,1.9984670571028036
Green Card,1990-12-25,Romantic Comedy,PG-13,29804169,59679131,False,1990,December,2.002375271727925
White Fang,1991-01-18,Adventure,PG,34729091,69540672,False,1991,January,2.002375242127702
Scenes from a Mall,1991-02-22,Comedy,Not Rated,9563393,19149495,False,1991,February,2.0023745756344007
Haakon Haakonsen,1991-03-01,Adventure,PG,15024232,30084149,False,1991,March,2.0023751630033404
The Marrying Man,1991-04-05,Romantic Comedy,R,12454768,24939118,False,1991,April,2.0023751546395725
Oscar,1991-04-26,Comedy,PG,23562716,47181395,False,1991,April,2.0023750657606705
One Good Cop,1991-05-03,Action,R,11276846,22580472,False,1991,May,2.002374777486542
What About Bob?,1991-05-17,Comedy,PG,63710000,127571325,False,1991,May,2.002375215821692
Wild Hearts Can't Be Broken,1991-05-24,Drama,Not Rated,7300000,14617333,False,1991,May,2.002374383561644
The Rocketeer,1991-06-21,Action,PG,46573027,93256673,False,1991,June,2.0023751730803325
The Doctor,1991-07-24,Drama,PG-13,37497480,75084021,False,1991,July,2.0023751196080375
Paradise,1991-09-18,Drama,PG-13,18634643,37313540,False,1991,September,2.0023748241380317
Deceived,1991-09-27,Thriller/Suspense,PG-13,28738096,57544453,False,1991,September,2.002375279141666
Ernest Scared Stupid,1991-10-11,Comedy,PG,14143280,28320147,False,1991,October,2.0023747673806924
Billy Bathgate,1991-11-01,Drama,R,15565363,31167691,False,1991,November,2.0023748241528323
Beauty and the Beast,1991-11-13,Musical,G,218951625,363017667,False,1991,November,1.6579811499457928
Father of the Bride,1991-12-20,Comedy,PG,89325780,179821881,False,1991,December,2.013101715988374
The Hand That Rocks the Cradle,1992-01-10,Thriller/Suspense,R,88036683,178831137,False,1992,January,2.031325248817019
Medicine Man,1992-02-07,Drama,PG-13,44948240,91304495,False,1992,February,2.031325253224598
Blame it on the Bellboy,1992-03-06,Comedy,PG-13,2891055,5872667,False,1992,March,2.0313231674942194
Noises Off...,1992-03-20,Comedy,PG-13,2280148,4631720,False,1992,March,2.0313242824588578
Straight Talk,1992-04-03,Comedy,PG,21202099,43068356,False,1992,April,2.0313251060661495
Newsies,1992-04-08,Other,PG,2706352,5497481,False,1992,April,2.031325193470768
Passed Away,1992-04-24,Other,PG-13,4030793,8187848,False,1992,April,2.031324357266672
Encino Man,1992-05-22,Comedy,PG,40057130,81369058,False,1992,May,2.031325209769147
Sister Act,1992-05-29,Comedy,PG,139605150,283583472,False,1992,May,2.0313252913664
Honey I Blew Up the Kid,1992-07-17,Comedy,PG,58662452,119162518,False,1992,July,2.03132521634111
A Stranger Among Us,1992-07-17,Drama,PG-13,12282994,24950752,False,1992,July,2.031324935923603
3 Ninjas,1992-08-07,Action,PG,29028000,58965304,True,1992,August,2.0313250654540442
A Gun in Betty Lou's Handbag,1992-08-21,Other,PG-13,3591460,7295423,False,1992,August,2.031325143534941
Captain Ron,1992-09-18,Comedy,PG-13,22518097,45741576,False,1992,September,2.031325115972278
Sarafina!,1992-09-18,Drama,PG-13,7306242,14841352,False,1992,September,2.031324995804957
Innocent Blood,1992-09-25,Horror,R,4877567,9907922,False,1992,September,2.031324633777455
The Mighty Ducks,1992-10-02,Comedy,PG,50752337,103120810,False,1992,October,2.03184357796174
1492: Conquest of Paradise,1992-10-09,Adventure,PG-13,7099531,14421454,True,1992,October,2.031324886108674
Consenting Adults,1992-10-16,Drama,R,21591728,43859823,False,1992,October,2.0313252834604065
Aladdin,1992-11-11,Comedy,G,217350219,441969178,False,1992,November,2.033442524389635
The Distinguished Gentleman,1992-12-04,Comedy,R,46434570,94349900,False,1992,December,2.0318891722266406
The Muppet Christmas Carol,1992-12-11,Comedy,G,27281507,55417615,False,1992,December,2.031325285659623
Alive,1993-01-15,Adventure,R,36299670,73914543,False,1993,January,2.0362318169834603
Aspen Extreme,1993-01-22,Romantic Comedy,PG-13,7843388,15970955,False,1993,January,2.0362316641736964
Homeward Bound: The Incredible Journey,1993-02-03,Adventure,G,41833324,85182343,False,1993,February,2.036231761071628
The Cemetery Club,1993-02-03,Comedy,PG-13,5583621,11369541,False,1993,February,2.036230790019595
Swing Kids,1993-03-05,Musical,PG-13,5632086,11468231,False,1993,March,2.0362315135102698
A Far Off Place,1993-03-12,Adventure,PG,12890752,26248558,False,1993,March,2.03623171091958
Born Yesterday,1993-03-26,Romantic Comedy,PG,17760754,36165012,False,1993,March,2.036231795114104
The Adventures of Huck Finn,1993-04-02,Adventure,PG,24103594,49080505,False,1993,April,2.0362318167157976
Bound by Honor,1993-04-16,Other,R,4496583,9156084,False,1993,April,2.0362315117946226
Indian Summer,1993-04-23,Comedy,R,14717851,29968953,False,1993,April,2.036231580276224
Super Mario Bros.,1993-05-28,Action,PG,20844907,42445058,False,1993,May,2.036231584050723
Guilty as Sin,1993-06-04,Thriller/Suspense,R,22622537,46064723,False,1993,June,2.036231524342296
Life With Mikey,1993-06-04,Comedy,PG,12349549,25146538,False,1993,June,2.0362312826160696
What's Love Got to Do With It,1993-06-09,Drama,R,39100956,79618610,False,1993,June,2.0362317995498627
Son in Law,1993-07-02,Comedy,PG-13,25989889,52921433,False,1993,July,2.036231589907906
Hocus Pocus,1993-07-16,Comedy,PG,39360491,80147079,False,1993,July,2.036231687252072
Another Stakeout,1993-07-23,Comedy,PG-13,20107504,40943541,False,1993,July,2.0362318963109494
My Boyfriend's Back,1993-08-06,Other,PG-13,3218882,6554384,False,1993,August,2.0362299705301408
Father Hood,1993-08-27,Other,PG-13,3268203,6654819,False,1993,August,2.0362318374960187
The Joy Luck Club,1993-09-08,Drama,R,32790064,66768171,False,1993,September,2.036231798754647
Money for Nothing,1993-09-10,Comedy,R,1044824,2127496,False,1993,September,2.0362242827500134
The Program,1993-09-24,Action,R,23042200,46919256,False,1993,September,2.0362316098289224
Cool Runnings,1993-10-01,Comedy,PG,68856263,140392731,False,1993,October,2.0389246363834763
The Nightmare Before Christmas,1993-10-13,Musical,PG,50408318,100026637,False,1993,October,1.9843280031680486
The Three Musketeers,1993-11-12,Adventure,PG,53661805,109310377,False,1993,November,2.037023857099104
Sister Act 2 Back in the Habit,1993-12-10,Comedy,PG,57319029,116965668,True,1993,December,2.0406079802921995
Tombstone,1993-12-25,Western,R,56505065,115781734,False,1993,December,2.0490505408674426
The Air Up There,1994-01-07,Comedy,PG,20782439,42940186,False,1994,January,2.066176448298489
Cabin Boy,1994-01-07,Comedy,PG-13,3469493,7168577,False,1994,January,2.0661742219972776
Iron Will,1994-01-14,Drama,PG,20623071,42610902,False,1994,January,2.066176371113691
Red Rock West,1994-01-28,Other,R,2502551,5170709,False,1994,January,2.0661752747496456
Blank Check,1994-02-11,Comedy,PG,30573770,63170804,False,1994,February,2.0661764643352782
Angie,1994-03-04,Comedy,R,9252349,19116981,False,1994,March,2.0661759516421183
The Ref,1994-03-09,Comedy,R,11325885,23401275,False,1994,March,2.0661762855617907
D2: The Mighty Ducks,1994-03-25,Comedy,PG,45604206,94226333,True,1994,March,2.0661763741704
Holy Matrimony,1994-04-08,Comedy,Not Rated,713234,1473665,False,1994,April,2.0661732334689598
White Fang 2: Myth of the White Wolf,1994-04-15,Adventure,PG,8752399,18083994,True,1994,April,2.066175685089311
The Inkwell,1994-04-22,Comedy,R,8864699,18316030,False,1994,April,2.0661761894002266
When a Man Loves a Woman,1994-04-29,Drama,R,50021959,103354194,False,1994,April,2.06617645662378
3 Ninjas Kick Back,1994-05-06,Action,PG,11744960,24267154,True,1994,May,2.066175959730812
Renaissance Man,1994-06-03,Comedy,PG-13,24172899,49945474,False,1994,June,2.066176423440151
The Lion King,1994-06-15,Adventure,G,422780140,761640898,False,1994,June,1.8015058559751649
I Love Trouble,1994-06-29,Romantic Comedy,PG,30806194,63651027,False,1994,June,2.0661762696164283
Angels in the Outfield,1994-07-15,Comedy,PG,50236831,103798152,False,1994,July,2.0661763477875428
In the Army Now,1994-08-12,Comedy,PG,28881266,59673787,False,1994,August,2.0661762888095003
Color of Night,1994-08-19,Thriller/Suspense,R,19750470,40804816,False,1994,August,2.0660174669261036
Camp Nowhere,1994-08-26,Comedy,PG,10442641,21576332,False,1994,August,2.0661757882895717
It's Pat,1994-08-26,Comedy,Not Rated,60822,125666,False,1994,August,2.066127388116142
A Simple Twist of Fate,1994-09-02,Drama,PG-13,3404935,7035189,False,1994,September,2.066174244148567
Quiz Show,1994-09-14,Drama,PG-13,24787282,50840394,False,1994,September,2.0510677209385038
Terminal Velocity,1994-09-23,Action,PG-13,16478900,34048315,False,1994,September,2.0661764438160315
Ed Wood,1994-09-30,Comedy,R,5828466,12042634,False,1994,September,2.0661755597441935
The Puppet Masters,1994-10-21,Horror,R,8579626,17727017,False,1994,October,2.0661759615162714
Squanto: A Warrior's Tale,1994-10-28,Drama,PG,3319344,6858345,False,1994,October,2.0661748224950474
The Santa Clause,1994-11-11,Comedy,PG,144833357,298369717,False,1994,November,2.060089769237345
A Low Down Dirty Shame,1994-11-23,Action,R,29317886,60321919,False,1994,November,2.0575125709950575
The Jungle Book,1994-12-25,Adventure,PG,44342956,88930321,False,1994,December,2.0055117886141827
Houseguest,1995-01-06,Comedy,PG,26325256,51016522,False,1995,January,1.93793070806225
Bad Company,1995-01-20,Thriller/Suspense,R,3523909,6829092,False,1995,January,1.9379308603031462
Miami Rhapsody,1995-01-27,Romantic Comedy,PG-13,5086578,9857435,False,1995,January,1.9379305694319442
The Jerky Boys,1995-02-03,Comedy,R,7555256,14641561,False,1995,February,1.9379304950090375
Heavy Weights,1995-02-17,Comedy,PG,17671310,34245779,False,1995,February,1.9379309739911754
Man of the House,1995-03-03,Comedy,PG,40029009,77573459,False,1995,March,1.9379310389622686
Roommates,1995-03-03,Comedy,PG,12076989,23404369,False,1995,March,1.9379308037789882
Tall Tale,1995-03-24,Western,PG,8247627,15983331,False,1995,March,1.9379308739350118
A Pyromaniac's Love Story,1995-03-28,Romantic Comedy,PG,468240,907414,False,1995,March,1.9379249957286862
Jefferson in Paris,1995-03-31,Drama,PG-13,2461628,4770461,False,1995,March,1.93792928907211
Funny Bones,1995-03-31,Comedy,R,529135,1025425,False,1995,March,1.9379269940563373
A Goofy Movie,1995-04-07,Comedy,G,35336439,68479579,False,1995,April,1.9379309556347768
While You Were Sleeping,1995-04-21,Romantic Comedy,PG,81057016,157082900,False,1995,April,1.9379309497403654
Crimson Tide,1995-05-12,Action,R,91387195,177102077,False,1995,May,1.937930986939691
Mad Love,1995-05-26,Drama,PG-13,15446532,29934306,False,1995,May,1.9379305335333523
Pocahontas,1995-06-10,Adventure,G,141579773,274370957,False,1995,June,1.9379248263097582
Judge Dredd,1995-06-30,Action,R,34687912,67222776,False,1995,June,1.9379308849722636
Operation Dumbo Drop,1995-07-28,Adventure,PG,24670346,47809421,False,1995,July,1.937930704336291
Dangerous Minds,1995-08-11,Drama,R,84919401,164552293,False,1995,August,1.9377467464708094
A Kid in King Arthur's Court,1995-08-11,Adventure,PG,13406717,25981285,False,1995,August,1.9379304418822296
The Tie That Binds,1995-09-08,Thriller/Suspense,R,5762795,11167895,False,1995,September,1.9379302925056332
Unstrung Heroes,1995-09-15,Drama,PG,7929000,15365850,False,1995,September,1.937930382141506
The Big Green,1995-09-29,Comedy,PG,17736619,34372339,False,1995,September,1.937930729639059
Dead Presidents,1995-10-04,Drama,R,24120194,46741467,False,1995,October,1.9378561797637284
The Scarlet Letter,1995-10-13,Drama,R,10359006,20075033,False,1995,October,1.937930434638227
Feast of July,1995-10-13,Drama,R,293274,568342,False,1995,October,1.937921534128494
Powder,1995-10-27,Drama,PG-13,30833914,59727216,False,1995,October,1.9370624177001985
Toy Story,1995-11-22,Adventure,G,191796233,370409631,False,1995,November,1.9312664550611898
Father of the Bride Part II,1995-12-08,Comedy,PG,76578911,147658438,True,1995,December,1.9281867040391838
Nixon,1995-12-20,Drama,R,13668249,26302005,False,1995,December,1.9243141531881662
Tom and Huck,1995-12-22,Adventure,PG,23837227,45911517,False,1995,December,1.9260426978356164
Mr. Holland's Opus,1995-12-29,Drama,PG,82582604,157508868,False,1995,December,1.9072887069533433
White Squall,1996-02-02,Adventure,PG-13,10229300,19509726,False,1996,February,1.9072395960622917
Muppet Treasure Island,1996-02-16,Adventure,G,34327391,65470567,False,1996,February,1.9072398190704327
Mr. Wrong,1996-02-16,Romantic Comedy,PG-13,12805071,24422334,False,1996,February,1.9072392492005705
Before and After,1996-02-23,Drama,PG-13,8642118,16482589,False,1996,February,1.9072395216080131
Up Close & Personal,1996-03-01,Drama,PG-13,51045801,97356578,False,1996,March,1.9072396963660145
Homeward Bound II: Lost in San Franc…,1996-03-08,Adventure,G,32709423,62384706,False,1996,March,1.9072395743575177
Two Much,1996-03-15,Romantic Comedy,PG-13,1078555,2057055,False,1996,March,1.9072323618174316
Un indien dans la ville,1996-03-22,Comedy,PG,1029731,1963937,False,1996,March,1.9072330540694609
James and the Giant Peach,1996-04-12,Adventure,PG,28921264,55159783,False,1996,April,1.9072397043227434
Celtic Pride,1996-04-19,Comedy,PG-13,9240378,17623615,False,1996,April,1.9072396172537531
Last Dance,1996-05-03,Drama,R,5857534,11171714,False,1996,May,1.9072384385647612
Boys,1996-05-10,Drama,PG-13,21930418,41826566,False,1996,May,1.9072397981652698
Spy Hard,1996-05-24,Comedy,PG-13,26936265,51373912,False,1996,May,1.9072396265777753
Eddie,1996-05-31,Comedy,PG-13,31369401,59828966,False,1996,May,1.9072396696385756
The Rock,1996-06-07,Action,R,134069511,255702705,False,1996,June,1.90723978250357
The Hunchback of Notre Dame,1996-06-21,Adventure,G,100138851,190988799,False,1996,June,1.9072397685090274
Phenomenon,1996-07-05,Drama,PG,104636382,199559799,False,1996,July,1.907174112728783
Kazaam,1996-07-17,Comedy,PG,18880508,36009655,False,1996,July,1.9072397310496094
Jack,1996-08-09,Drama,PG-13,58617334,111792852,False,1996,August,1.907163706899396
First Kid,1996-08-30,Comedy,PG,26465920,50465108,False,1996,August,1.9067959096075255
The Rich Man's Wife,1996-09-13,Thriller/Suspense,R,8538318,16284619,False,1996,September,1.9072396928762785
D3: The Mighty Ducks,1996-10-04,Comedy,PG,22936273,43713554,True,1996,October,1.9058699728591475
The Associate,1996-10-25,Comedy,PG-13,12772657,24333094,False,1996,October,1.9050925739256914
Ransom,1996-11-08,Action,R,136492681,259807820,False,1996,November,1.9034560541748022
The War at Home,1996-11-20,Other,R,34368,65543,False,1996,November,1.9070938081936686
101 Dalmatians,1996-11-27,Comedy,G,136189294,258728898,False,1996,November,1.8997741334939293
The Preacher's Wife,1996-12-13,Drama,PG,48102795,91076877,False,1996,December,1.8933801455819772
Evita,1996-12-25,Musical,PG,50047179,92077628,False,1996,December,1.8398165459036162
Metro,1997-01-17,Action,R,32017895,58804106,False,1997,January,1.8366012506443663
Prefontaine,1997-01-24,Drama,PG-13,590817,1085093,False,1997,January,1.8365974574191333
Shadow Conspiracy,1997-01-31,Thriller/Suspense,R,2154540,3957025,False,1997,January,1.8365985314730755
That Darn Cat,1997-02-14,Comedy,PG,18301828,33613158,False,1997,February,1.8366011307722923
Jungle 2 Jungle,1997-03-07,Comedy,PG,59925026,110058379,True,1997,March,1.836601272396611
The Sixth Man,1997-03-28,Comedy,PG-13,14765099,27117599,False,1997,March,1.8366012310516848
Grosse Pointe Blank,1997-04-11,Black Comedy,R,28084357,51579764,False,1997,April,1.8366012082811793
Romy and Michele's High School Reunion,1997-04-25,Comedy,R,29235353,53693680,False,1997,April,1.8366010494212264
Gone Fishin',1997-05-30,Comedy,PG,19745922,36265379,False,1997,May,1.8366009447419067
Con Air,1997-06-06,Action,R,101117573,185712664,False,1997,June,1.836601279977319
Hercules,1997-06-13,Adventure,G,99112101,182029412,False,1997,June,1.8366012844385167
George Of The Jungle,1997-07-16,Comedy,PG,105263257,193326632,False,1997,July,1.8366012748398997
Nothing To Lose,1997-07-18,Comedy,R,44480039,81692095,False,1997,July,1.8366012448864983
Air Bud,1997-08-01,Comedy,PG,24646936,45266588,False,1997,August,1.836601028217057
G.I. Jane,1997-08-22,Drama,R,48169156,88467531,False,1997,August,1.836601226726912
A Thousand Acres,1997-09-19,Drama,R,7928412,14561324,False,1997,September,1.836600317945132
Washington Square,1997-10-05,Drama,PG,1775644,3257546,False,1997,October,1.834571569526324
Rocket Man,1997-10-10,Comedy,PG,15448043,28371890,False,1997,October,1.8366009209062921
Playing God,1997-10-17,Thriller/Suspense,R,4166918,7652965,False,1997,October,1.8366008162387646
Flubber,1997-11-26,Comedy,PG,92993801,170406423,False,1997,November,1.8324492726133432
An American Werewolf in Paris,1997-12-25,Horror,R,26570463,48546161,False,1997,December,1.8270724525951993
Mr. Magoo,1997-12-25,Comedy,PG,21437192,39145784,False,1997,December,1.826068638094019
Kundun,1997-12-25,Drama,PG-13,5686694,10236836,False,1997,December,1.8001383580688535
Deep Rising,1998-01-30,Action,R,11203026,20136775,False,1998,January,1.7974407093226419
Krippendorf's Tribe,1998-02-27,Comedy,PG-13,7571115,13608633,False,1998,February,1.797441063832738
An Alan Smithee Film: Burn Hollywood …,1998-02-27,Comedy,R,45779,82277,False,1998,February,1.7972651215622883
Meet the Deedles,1998-03-27,Comedy,PG,4356126,7829877,False,1998,March,1.797440432163808
He Got Game,1998-05-01,Drama,R,21567853,38766948,False,1998,May,1.7974412195780451
The Horse Whisperer,1998-05-15,Drama,PG-13,75383563,135497531,False,1998,May,1.7974413201986752
"Six Days, Seven Nights",1998-06-12,Romantic Comedy,PG-13,74339294,133620516,False,1998,June,1.7974412832061601
Mulan,1998-06-19,Adventure,G,120620254,216807832,False,1998,June,1.7974413484488267
Armageddon,1998-07-01,Adventure,PG-13,201578182,362324957,False,1998,July,1.7974413371780484
Jane Austen's Mafia,1998-07-24,Comedy,PG-13,19843795,35668055,False,1998,July,1.7974412152514174
The Parent Trap,1998-07-29,Comedy,PG,66308518,119185667,False,1998,July,1.797441272929671
Firelight,1998-09-04,Drama,R,784419,1409943,False,1998,September,1.7974360641442901
Simon Birch,1998-09-11,Drama,PG,18253415,32809442,False,1998,September,1.7974413007100316
Holy Man,1998-10-09,Comedy,PG,12069719,21694605,False,1998,October,1.7974407689193095
Beloved,1998-10-16,Drama,R,22852487,41062682,False,1998,October,1.7968583463147796
The Waterboy,1998-11-06,Comedy,PG-13,161491646,288691833,False,1998,November,1.7876580005878446
I'll Be Home For Christmas,1998-11-13,Comedy,PG,12214338,21941840,False,1998,November,1.7964002633626153
A Bug's Life,1998-11-20,Adventure,G,162798565,288981698,False,1998,November,1.7750875015390952
Enemy of the State,1998-11-20,Action,R,111549836,198472008,False,1998,November,1.779222768198422
Rushmore,1998-12-11,Black Comedy,R,17105219,28392518,False,1998,December,1.659874568106962
A Civil Action,1998-12-25,Drama,PG-13,56709981,94139530,False,1998,December,1.6600169553927377
Mighty Joe Young,1998-12-25,Adventure,PG,50632037,87906042,False,1998,December,1.7361743119282362
My Favorite Martian,1999-02-12,Comedy,PG,36850101,61150849,False,1999,February,1.6594486131801918
The Other Sister,1999-02-26,Romantic Comedy,PG-13,27807627,46145331,False,1999,February,1.659448718871265
Doug's 1st Movie,1999-03-26,Adventure,G,19421271,32228598,False,1999,March,1.659448447014616
Ten Things I Hate About You,1999-03-31,Romantic Comedy,PG-13,38177966,63354375,False,1999,March,1.659448672566789
Endurance,1999-05-14,Other,PG,229128,380218,False,1999,May,1.6594130791522643
Instinct,1999-06-04,Drama,R,34105207,56595842,False,1999,June,1.6594487170243535
Tarzan,1999-06-16,Adventure,G,171091819,283900254,False,1999,June,1.6593444131890374
Summer of Sam,1999-07-02,Drama,R,19288130,32007656,False,1999,July,1.65944837576271
Inspector Gadget,1999-07-23,Comedy,PG,97387965,161610341,False,1999,July,1.6594487932877537
The Sixth Sense,1999-08-06,Thriller/Suspense,PG-13,293506292,485424724,False,1999,August,1.653881832284536
The 13th Warrior,1999-08-27,Action,R,32698899,54262148,True,1999,August,1.659448778382416
Breakfast of Champions,1999-09-17,Comedy,R,178287,295851,False,1999,September,1.659408706187215
Mumford,1999-09-24,Comedy,R,4559569,7566363,False,1999,September,1.659446978431514
"Mystery, Alaska",1999-10-01,Comedy,R,8891623,14755189,False,1999,October,1.659448336934663
The Straight Story,1999-10-15,Drama,G,6197866,10111144,False,1999,October,1.6313911917424482
The Insider,1999-11-05,Drama,R,28965197,47794214,False,1999,November,1.6500565834232026
Toy Story 2,1999-11-19,Adventure,G,245852179,404450426,True,1999,November,1.6450959582505877
Cradle Will Rock,1999-12-08,Drama,R,2899970,4609153,False,1999,December,1.5893795453056412
Deuce Bigalow: Male Gigolo,1999-12-10,Comedy,R,65535067,106921374,False,1999,December,1.6315139191053243
Bicentennial Man,1999-12-17,Drama,PG,58220776,94838225,False,1999,December,1.6289412734725488
Play it to the Bone,1999-12-24,Comedy,R,8427204,13180524,False,1999,December,1.5640447294262723
Fantasia 2000 (IMAX),2000-01-01,Musical,G,60507228,94852354,True,2000,January,1.567620218860464
Gun Shy,2000-02-04,Comedy,R,1638202,2562155,False,2000,February,1.564004316927949
The Tigger Movie,2000-02-11,Adventure,G,45542421,71228678,False,2000,February,1.564007280157548
Mission to Mars,2000-03-10,Adventure,PG,60874615,95208344,False,2000,March,1.5640073288348517
High Fidelity,2000-03-31,Comedy,R,27277055,42661516,False,2000,March,1.5640074047583217
Keeping the Faith,2000-04-14,Romantic Comedy,PG-13,37036404,57925202,False,2000,April,1.5640071860108233
Dinosaur,2000-05-19,Adventure,PG,137748063,215438985,False,2000,May,1.5640073646625434
Shanghai Noon,2000-05-26,Western,PG-13,56932305,89042541,False,2000,May,1.5640073065722528
Gone in 60 Seconds,2000-06-09,Action,PG-13,101643008,158970411,False,2000,June,1.5640073442139768
Fantasia 2000 (Theatrical Release),2000-06-16,Musical,G,9103630,14238144,True,2000,June,1.5640073245507562
The Kid,2000-07-07,Comedy,PG,69688384,108993148,False,2000,July,1.5640073961250127
Coyote Ugly,2000-08-04,Drama,PG-13,60786269,95070168,False,2000,August,1.5640072925021933
The Crew,2000-08-25,Comedy,PG-13,13019253,20362201,False,2000,August,1.5640068596869574
Duets,2000-09-15,Drama,R,4734235,7404372,False,2000,September,1.564006011530902
Remember the Titans,2000-09-29,Drama,PG,115654751,180742479,False,2000,September,1.5627760851778583
Unbreakable,2000-11-22,Thriller/Suspense,PG-13,94999143,148208901,False,2000,November,1.560107768551133
102 Dalmatians,2000-11-22,Comedy,G,66941559,104055039,True,2000,November,1.5544161288505396
The Emperor's New Groove,2000-12-15,Adventure,G,89296573,136789252,False,2000,December,1.5318533220754171
"O Brother, Where Art Thou?",2000-12-22,Comedy,PG-13,45506619,67922002,False,2000,December,1.4925741242169628
Double Take,2001-01-12,Action,PG-13,29823162,44418589,False,2001,January,1.4893990449436583
Recess: School's Out,2001-02-16,Comedy,G,36696761,54656124,False,2001,February,1.4893991325283449
Just Visiting,2001-04-06,Comedy,PG-13,4777007,7114869,False,2001,April,1.489398906051425
Pearl Harbor,2001-05-25,Action,PG-13,198539855,295705112,False,2001,May,1.4893992543713703
Atlantis: The Lost Empire,2001-06-08,Adventure,PG,84052762,125188122,False,2001,June,1.489399265666011
crazy/beautiful,2001-06-29,Drama,PG-13,16929123,25214223,False,2001,June,1.4893992441309571
The Princess Diaries,2001-08-03,Comedy,G,108244774,161218928,False,2001,August,1.4893922546320804
Bubble Boy,2001-08-24,Comedy,PG-13,5002310,7450434,False,2001,August,1.4893986978016156
Max Keeble's Big Move,2001-10-05,Comedy,PG,17292381,25749730,False,2001,October,1.489079496918325
Corky Romano,2001-10-12,Comedy,PG-13,23978402,35705805,False,2001,October,1.4890819246420175
High Heels and Low Lifes,2001-10-26,Other,R,226792,337782,False,2001,October,1.489391160182017
"Monsters, Inc.",2001-11-02,Adventure,G,289423425,416073179,False,2001,November,1.437593308143596
Out Cold,2001-11-21,Comedy,PG-13,13906394,20700691,False,2001,November,1.488573601467066
The Royal Tenenbaums,2001-12-14,Black Comedy,R,52353636,76758193,False,2001,December,1.4661482728725852
Beauty and the Beast (IMAX),2002-01-01,Musical,G,25487028,36980311,False,2002,January,1.450946379468018
Frank McKlusky C.I.,2002-01-01,Other,Not Rated,0,0,False,2002,January,
Snow Dogs,2002-01-18,Comedy,PG,81150692,117745317,False,2002,January,1.4509465550829808
The Count of Monte Cristo,2002-01-25,Drama,PG-13,54228104,78682079,False,2002,January,1.4509465239647692
Peter Pan: Return to Neverland,2002-02-15,Adventure,G,48430258,70269715,False,2002,February,1.450946534292673
Reign of Fire,2002-02-19,Action,PG-13,43061982,62480631,False,2002,February,1.4509464752458445
Sorority Boys,2002-03-22,Comedy,R,10198766,14797862,False,2002,March,1.4509463203685622
The Rookie,2002-03-29,Drama,G,75600072,109691666,False,2002,March,1.4509465811090763
Big Trouble,2002-04-05,Comedy,PG-13,7262288,10537188,False,2002,April,1.4509460379428631
ESPN's Ultimate X - The Movie,2002-05-10,Documentary,PG,4197175,6089874,False,2002,May,1.4509459338721877
Bad Company,2002-06-07,Action,PG-13,30157016,43756218,False,2002,June,1.4509465392729837
Lilo & Stitch,2002-06-21,Adventure,PG,145771527,211506702,False,2002,June,1.450946603584663
The Country Bears,2002-07-26,Adventure,G,16988996,24650121,False,2002,July,1.4509463066563792
Signs,2002-08-02,Thriller/Suspense,PG-13,227965690,330754439,False,2002,August,1.4508956983833838
Sen to Chihiro no Kamikakushi,2002-09-20,Adventure,PG,10049886,14338992,False,2002,September,1.426781557522145
Sweet Home Alabama,2002-09-27,Comedy,PG-13,127214072,184521151,False,2002,September,1.450477514783113
Moonlight Mile,2002-09-27,Drama,PG-13,6830957,9909094,False,2002,September,1.4506157775550337
Tuck Everlasting,2002-10-11,Drama,PG,19161999,27789959,False,2002,October,1.4502640877916757
The Santa Clause 2,2002-11-01,Comedy,G,139225854,201959095,True,2002,November,1.450586146162192
Treasure Planet,2002-11-27,Adventure,PG,38120554,55189145,False,2002,November,1.4477529628766674
The Hot Chick,2002-12-13,Comedy,PG-13,35081550,50624654,False,2002,December,1.443056364385268
25th Hour,2002-12-19,Drama,R,13084595,18325463,True,2002,December,1.4005372730298493
The Recruit,2003-01-31,Thriller/Suspense,PG-13,52784696,73793522,False,2003,January,1.3980097943540302
Shanghai Knights,2003-02-07,Adventure,PG-13,60470220,84537962,False,2003,February,1.3980098302933246
The Jungle Book 2,2003-02-14,Adventure,G,47901582,66966883,True,2003,February,1.3980098402595555
Bringing Down the House,2003-03-07,Comedy,PG-13,132675402,185481530,False,2003,March,1.3980099340494179
Piglet's Big Movie,2003-03-21,Comedy,G,23103423,32298812,False,2003,March,1.3980098100614788
Ghosts of the Abyss,2003-04-11,Documentary,G,17093668,23803108,False,2003,April,1.3925102558444449
Holes,2003-04-18,Drama,PG,67383924,94203395,False,2003,April,1.3980099318644608
The Lizzie McGuire Movie,2003-05-02,Comedy,PG,42734455,59743191,False,2003,May,1.3980098962301029
Finding Nemo,2003-05-30,Adventure,G,380529370,518148559,False,2003,May,1.3616519508073712
Pirates of the Caribbean: The Curse o…,2003-07-09,Adventure,PG-13,305411224,426967926,False,2003,July,1.3980099369236016
Freaky Friday,2003-08-06,Comedy,PG,110222438,154090360,False,2003,August,1.397994480942256
Open Range,2003-08-15,Western,R,58331254,81547672,False,2003,August,1.3980099244909083
Cold Creek Manor,2003-09-19,Thriller/Suspense,R,21384035,29895090,False,2003,September,1.3980097769200246
Under the Tuscan Sun,2003-09-26,Comedy,PG-13,43601508,60944053,False,2003,September,1.3977510365008476
Veronica Guerin,2003-10-17,Drama,R,1569918,2194759,False,2003,October,1.398008685803972
Brother Bear,2003-10-24,Adventure,G,85336277,119218333,False,2003,October,1.3970416473641099
The Haunted Mansion,2003-11-26,Comedy,PG,75817994,105775678,False,2003,November,1.39512630735126
Calendar Girls,2003-12-19,Comedy,PG-13,31011616,42379650,False,2003,December,1.366573415587243
Young Black Stallion,2003-12-25,Adventure,G,6751389,9254344,False,2003,December,1.3707318597698932
Teacher's Pet: The Movie,2004-01-16,Comedy,PG,6491969,8812764,False,2004,January,1.3574870736443752
Miracle,2004-02-06,Drama,PG,64378093,87392478,False,2004,February,1.3574878336330962
Confessions of a Teenage Drama Queen,2004-02-20,Comedy,PG,29331068,39816568,False,2004,February,1.357487835083264
Hidalgo,2004-03-05,Western,PG-13,67286731,91340921,False,2004,March,1.357487867853173
The Ladykillers,2004-03-26,Comedy,R,39692139,53881593,False,2004,March,1.3574877635090414
Home on the Range,2004-04-02,Comedy,PG,50026353,67910166,False,2004,April,1.3574878424577541
The Alamo,2004-04-09,Western,PG-13,22406362,30416359,False,2004,April,1.357487618918234
Raising Helen,2004-05-28,Comedy,PG-13,37485528,50886144,False,2004,May,1.3574877216615435
Around the World in 80 Days,2004-06-16,Adventure,PG,24004159,32585356,False,2004,June,1.357487925321608
America's Heart and Soul,2004-07-02,Documentary,Not Rated,314000,426246,False,2004,July,1.357471337579618
King Arthur,2004-07-07,Adventure,PG-13,51877963,70423706,False,2004,July,1.3574878797766212
The Village,2004-07-30,Thriller/Suspense,PG-13,114197520,155021748,False,2004,July,1.3574878683880351
The Princess Diaries 2: Royal Engagement,2004-08-11,Romantic Comedy,G,95149435,129164207,True,2004,August,1.3574879031073595
Mr. 3000,2004-09-17,Comedy,PG-13,21800302,29593641,True,2004,September,1.3574876623268797
The Last Shot,2004-09-24,Comedy,R,463730,629502,False,2004,September,1.3574752549975202
Ladder 49,2004-10-01,Action,PG-13,74541707,101161045,False,2004,October,1.3571066329350359
The Incredibles,2004-11-05,Adventure,PG,261441092,354488708,False,2004,November,1.3559027974072262
National Treasure,2004-11-19,Adventure,PG,173005002,234069353,False,2004,November,1.3529629218466181
The Life Aquatic with Steve Zissou,2004-12-10,Comedy,R,24006726,32198655,False,2004,December,1.3412347439630043
Aliens of the Deep,2005-01-28,Documentary,G,8968684,11740942,False,2005,January,1.3091042119445842
Pooh's Heffalump Movie,2005-02-11,Adventure,G,18098433,23801835,False,2005,February,1.3151323653268767
The Pacifier,2005-03-04,Comedy,PG,113006880,148619029,False,2005,March,1.315132574229109
Ice Princess,2005-03-18,Comedy,G,24381334,32064685,False,2005,March,1.3151325107969891
A Lot Like Love,2005-04-22,Comedy,PG-13,21835784,28716947,False,2005,April,1.315132399184751
The Hitchhiker's Guide to the Galaxy,2005-04-29,Comedy,PG,51019112,67096891,False,2005,April,1.3151324742774826
Hauru no ugoku shiro,2005-06-10,Adventure,PG,4710455,6194870,False,2005,June,1.315131977696422
Herbie: Fully Loaded,2005-06-22,Comedy,G,66010682,86812798,False,2005,June,1.3151325720282665
Dark Water,2005-07-08,Thriller/Suspense,PG-13,25473093,33500491,False,2005,July,1.315132441906446
Sky High,2005-07-29,Adventure,PG,63939454,84088854,False,2005,July,1.3151325001930734
Valiant,2005-08-19,Adventure,G,19478106,25616292,False,2005,August,1.3151325904068907
Flightplan,2005-09-23,Thriller/Suspense,PG-13,89706988,117960425,False,2005,September,1.3149524650186672
The Greatest Game Ever Played,2005-09-30,Drama,PG,15331289,20162672,False,2005,September,1.31513221099674
Shopgirl,2005-10-21,Drama,R,10284523,13519621,False,2005,October,1.3145598488136008
Chicken Little,2005-11-04,Adventure,G,135386665,177954661,False,2005,November,1.3144179376898013
"The Chronicles of Narnia: The Lion, t…",2005-12-09,Adventure,PG,291710957,381557539,False,2005,December,1.3079986536124524
Casanova,2005-12-25,Drama,R,11304403,14574087,False,2005,December,1.2892398652100425
Glory Road,2006-01-13,Drama,PG,42647449,54888236,False,2006,January,1.2870227243838195
Annapolis,2006-01-27,Drama,PG-13,17127992,22044113,False,2006,January,1.2870226118741765
Roving Mars,2006-01-27,Documentary,G,10407978,12948025,False,2006,January,1.2440480754282917
Eight Below,2006-02-17,Adventure,PG,81612565,105037235,False,2006,February,1.287022837721128
The Shaggy Dog,2006-03-10,Comedy,PG,61123569,78667428,False,2006,March,1.2870228176630196
Stay Alive,2006-03-24,Horror,PG-13,23086480,29712825,False,2006,March,1.2870227509780616
The Wild,2006-04-14,Adventure,G,37384046,48114115,False,2006,April,1.2870226780696772
Stick It,2006-04-28,Comedy,PG-13,26910736,34634731,False,2006,April,1.2870228075516033
Goal! The Dream Begins,2006-05-12,Drama,PG,4283255,5512647,False,2006,May,1.2870228366044048
Cars,2006-06-09,Comedy,G,244082982,314140384,False,2006,June,1.2870228863395319
Pirates of the Caribbean: Dead Man’…,2006-07-07,Adventure,PG-13,423315812,544817142,False,2006,July,1.2870228953318663
Step Up,2006-08-11,Drama,PG-13,65328121,84078780,False,2006,August,1.287022781506298
Invincible,2006-08-25,Drama,PG,57806952,74398864,False,2006,August,1.2870227788519277
The Guardian,2006-09-29,Action,PG-13,55011732,70801353,False,2006,September,1.2870227936106429
The Prestige,2006-10-20,Thriller/Suspense,PG-13,53089891,68289913,False,2006,October,1.286307274580767
Tim Burton's The Nightmare Before Chr…,2006-10-20,Musical,PG,24732041,30737517,False,2006,October,1.2428216902923621
The Santa Clause 3: The Escape Clause,2006-11-03,Comedy,G,84500122,108694869,True,2006,November,1.2863279534673335
Déjà Vu,2006-11-22,Thriller/Suspense,PG-13,64038616,82267038,False,2006,November,1.2846473446584168
Apocalypto,2006-12-08,Adventure,R,50866635,64959548,False,2006,December,1.277056129228914
Primeval,2007-01-12,Adventure,R,10597734,12985302,False,2007,January,1.2252904252928032
Bridge to Terabithia,2007-02-16,Drama,PG,82234139,100760721,False,2007,February,1.2252906423693448
Wild Hogs,2007-03-02,Comedy,PG-13,168213584,206110533,False,2007,March,1.225290657857929
Meet the Robinsons,2007-03-30,Adventure,G,97822171,119860589,False,2007,March,1.2252906245558586
The Lookout,2007-03-30,Drama,R,4600585,5637048,False,2007,March,1.2252893925446438
The Hoax,2007-04-06,Drama,R,7164995,8779196,False,2007,April,1.2252898990159797
The Invisible,2007-04-27,Thriller/Suspense,PG-13,20568319,25202168,False,2007,April,1.225290603476152
Pirates of the Caribbean: At World’…,2007-05-24,Adventure,PG-13,309420425,379129960,False,2007,May,1.2252906704526696
Ratatouille,2007-06-29,Comedy,G,206445654,252955933,False,2007,June,1.225290666569324
Underdog,2007-08-03,Adventure,PG,43760605,53619462,False,2007,August,1.2252906923933067
The Game Plan,2007-09-22,Comedy,PG,90648202,111010758,False,2007,September,1.2246327621589228
Dan in Real Life,2007-10-20,Romantic Comedy,PG-13,47642963,58350234,False,2007,October,1.2247398214926306
Enchanted,2007-11-21,Romantic Comedy,PG,127706877,156074310,False,2007,November,1.2221292515045998
National Treasure 2: Book of Secrets,2007-12-21,Adventure,PG,219961501,267003525,True,2007,December,1.2138648071873268
Hannah Montana/Miley Cyrus: Best of B…,2008-02-01,Concert/Performance,G,65281781,76646993,False,2008,February,1.174094698795059
Step Up 2 the Streets,2008-02-14,Drama,PG-13,58017783,68118371,True,2008,February,1.1740946909329506
College Road Trip,2008-03-07,Comedy,G,45610425,53550960,False,2008,March,1.1740947382095213
The Chronicles of Narnia: Prince Caspian,2008-05-16,Adventure,PG,141621490,166277038,False,2008,May,1.1740946801223457
WALL-E,2008-06-27,Adventure,G,223808164,262771918,False,2008,June,1.174094426689457
Swing Vote,2008-08-01,Comedy,PG-13,16289867,19125841,False,2008,August,1.1740943618508364
Goal! 2: Living the Dream...,2008-08-29,Drama,PG-13,225067,264247,True,2008,August,1.174081495732382
Miracle at St. Anna,2008-09-26,Drama,R,7916887,9295171,False,2008,September,1.1740941862628582
Beverly Hills Chihuahua,2008-10-03,Comedy,PG,94514402,110932022,False,2008,October,1.1737049555685704
Morning Light,2008-10-17,Documentary,PG,275093,322979,False,2008,October,1.1740720410915582
High School Musical 3: Senior Year,2008-10-24,Musical,G,90559416,106308538,True,2008,October,1.1739092707930008
Bolt,2008-11-21,Comedy,PG,114053759,133702498,False,2008,November,1.1722761193692879
Bedtime Stories,2008-12-25,Comedy,PG,110101975,128039679,False,2008,December,1.1629190030424068
Confessions of a Shopaholic,2009-02-13,Romantic Comedy,PG,44277350,49767744,False,2009,February,1.1240000587207681
Jonas Brothers: The 3D Concert Experi…,2009-02-27,Concert/Performance,G,38174685,38174685,True,2009,February,1.0
Race to Witch Mountain,2009-03-13,Adventure,PG,67172594,75501997,False,2009,March,1.12400002000816
Hannah Montana the Movie,2009-04-10,Drama,G,79576189,89443640,False,2009,April,1.1240000447872667
Earth,2009-04-22,Documentary,G,32011576,35981010,False,2009,April,1.123999955516092
Up,2009-05-29,Adventure,PG,293004164,329336681,False,2009,May,1.1240000022661794
The Proposal,2009-06-19,Romantic Comedy,PG-13,163958031,184288829,False,2009,June,1.1240000131497065
G-Force,2009-07-24,Adventure,PG,119436770,134246932,False,2009,July,1.12400002109903
Gake no ue no Ponyo,2009-08-14,Adventure,G,15090399,16961607,False,2009,August,1.1239999021894649
X Games 3D: The Movie,2009-08-21,Documentary,PG,1391434,1563976,True,2009,August,1.124003006969788
Walt and El Grupo,2009-09-10,Documentary,PG,20521,23064,False,2009,September,1.123921836167828
Surrogates,2009-09-25,Action,PG-13,38577772,43361416,False,2009,September,1.1240000070506924
Toy Story 3D Double Feature,2009-10-02,Adventure,G,30702446,34509545,True,2009,October,1.1239998598157293
Disney's A Christmas Carol,2009-11-06,Drama,PG,137855863,154927105,False,2009,November,1.1238339931904093
The Princess and the Frog,2009-11-25,Adventure,G,104400899,116316457,False,2009,November,1.1141327145085216
Old Dogs,2009-11-25,Comedy,PG,49492060,55503929,False,2009,November,1.1214713834906043
When in Rome,2010-01-29,Romantic Comedy,PG-13,32680633,34917330,False,2010,January,1.0684410549820134
Alice in Wonderland,2010-03-05,Adventure,PG,334191110,357063499,False,2010,March,1.0684410456041156
Waking Sleeping Beauty,2010-03-26,Documentary,PG,80741,86264,False,2010,March,1.0684039087947883
The Last Song,2010-03-31,Drama,PG,62950384,67258772,False,2010,March,1.0684410122105052
Oceans,2010-04-22,Documentary,G,19422319,20751600,False,2010,April,1.0684409003888773
Prince of Persia: Sands of Time,2010-05-28,Action,PG-13,90759676,96971361,False,2010,May,1.0684410222002114
Toy Story 3,2010-06-18,Adventure,G,415004880,443408255,True,2010,June,1.0684410626689498
The Sorcerer's Apprentice,2010-07-14,Adventure,PG,63150991,67473105,False,2010,July,1.068440952890193
Step Up 3D,2010-08-06,Drama,PG-13,42400223,45302137,True,2010,August,1.0684410079635667
Gedo Senki (Tales from Earthsea),2010-08-13,Adventure,PG-13,48658,51988,False,2010,August,1.068436844917588
You Again,2010-09-24,Comedy,PG,25702053,27461121,False,2010,September,1.0684407584094546
Secretariat,2010-10-08,Drama,PG,59699513,63781920,False,2010,October,1.0683825846284543
Tangled,2010-11-24,Adventure,PG,200821936,214388548,False,2010,November,1.0675554288053473
Tron: Legacy,2010-12-17,Adventure,PG,172062763,183619259,False,2010,December,1.0671644218569243
Gnomeo and Juliet,2011-02-11,Comedy,G,99967670,106270797,False,2011,February,1.0630516545999322
I am Number Four,2011-02-18,Adventure,PG-13,55100437,58574607,False,2011,February,1.0630515870500266
Mars Needs Moms,2011-03-11,Adventure,PG,21392758,22741603,False,2011,March,1.063051477514026
African Cats,2011-04-22,Documentary,G,15428747,16401551,False,2011,April,1.0630513936096042
Zokkomon,2011-04-22,Adventure,PG,2815,2984,False,2011,April,1.0600355239786856
Prom,2011-04-29,Comedy,PG,10130219,10768946,False,2011,April,1.063051647748188
Pirates of the Caribbean: On Stranger…,2011-05-20,Adventure,PG-13,241063875,256263359,False,2011,May,1.0630516870269342
Cars 2,2011-06-24,Adventure,G,191450875,203522177,True,2011,June,1.0630516940703458
Winnie the Pooh,2011-07-15,Adventure,G,26692846,28375869,False,2011,July,1.0630514633021897
The Help,2011-08-10,Drama,PG-13,169705587,180404976,False,2011,August,1.0630467693441348
Fright Night,2011-08-19,Horror,R,18298649,19452402,False,2011,August,1.0630512667902423
Real Steel,2011-10-07,Action,PG-13,85463309,90848019,False,2011,October,1.0630061024199284
The Muppets,2011-11-23,Comedy,PG,88625922,94189503,False,2011,November,1.0627760013599632
War Horse,2011-12-25,Drama,PG-13,79883359,84762149,False,2011,December,1.0610739215410308
The Secret World of Arietty,2012-02-17,Adventure,G,19192510,20325733,False,2012,February,1.0590450649758683
John Carter,2012-03-09,Adventure,PG-13,73058679,77372445,False,2012,March,1.0590452230870475
Chimpanzee,2012-04-20,Documentary,G,28965459,30675725,False,2012,April,1.0590450163417056
The Avengers,2012-05-04,Action,PG-13,623279547,660081224,False,2012,May,1.0590452184371133
Brave,2012-06-22,Adventure,PG,237282182,251292441,False,2012,June,1.0590447157974971
People Like Us,2012-06-29,Drama,PG-13,12431792,13165822,False,2012,June,1.0590445850445374
The Odd Life of Timothy Green,2012-08-15,Drama,PG,51853450,54914942,False,2012,August,1.0590412402646303
Frankenweenie,2012-10-05,Comedy,PG,35287788,37363513,False,2012,October,1.0588227576066824
Wreck-It Ralph,2012-11-02,Adventure,PG,189412677,200354959,False,2012,November,1.0577695335566162
Lincoln,2012-11-09,Drama,PG-13,182207973,192122330,False,2012,November,1.0544123115841917
Oz the Great and Powerful,2013-03-08,Adventure,PG,234770996,243434130,False,2013,March,1.0369003588501196
Iron Man 3,2013-05-03,Action,PG-13,408992272,424084233,True,2013,May,1.0369003573739897
Monsters University,2013-06-21,Adventure,G,268488329,278395641,False,2013,June,1.0369003451170498
The Lone Ranger,2013-07-02,Western,PG-13,89302115,92597388,False,2013,July,1.0369002794614663
Disney Planes,2013-08-09,Comedy,PG,90282580,93614037,False,2013,August,1.0369003300525972
The Fifth Estate,2013-10-18,Drama,R,3254172,3374251,False,2013,October,1.0369000163482447
Thor: The Dark World,2013-11-08,Adventure,PG-13,206362140,213962184,False,2013,November,1.0368286740969055
Kaze Tachinu,2013-11-08,Drama,PG-13,5201879,5367415,False,2013,November,1.0318223472710535
Frozen,2013-11-22,Adventure,PG,400738009,414997174,False,2013,November,1.0355822624252247
Delivery Man,2013-11-22,Comedy,PG-13,30659817,31787136,False,2013,November,1.0367686147637476
Saving Mr. Banks,2013-12-13,Drama,PG-13,83299761,86249969,False,2013,December,1.0354167642809924
Need for Speed,2014-03-14,Action,PG-13,43568507,44955015,False,2014,March,1.0318236289345422
Muppets Most Wanted,2014-03-21,Comedy,PG,51178893,52807594,False,2014,March,1.0318236855963259
Captain America: The Winter Soldier,2014-04-04,Action,PG-13,259746958,268013076,False,2014,April,1.0318237336200102
Bears,2014-04-18,Documentary,G,17780194,18346024,False,2014,April,1.0318236122732969
Million Dollar Arm,2014-05-10,Drama,PG,36447959,37607865,False,2014,May,1.0318236200825401
Maleficent,2014-05-30,Adventure,PG,241407328,249089809,False,2014,May,1.031823727405657
Planes: Fire and Rescue,2014-07-18,Adventure,PG,59157732,61040349,False,2014,July,1.0318236845185342
Guardians of the Galaxy,2014-08-01,Adventure,PG-13,333172112,343771168,False,2014,August,1.031812554587402
The Hundred-Foot Journey,2014-08-08,Romantic Comedy,PG,54235441,55961409,False,2014,August,1.0318236188030627
"Alexander and the Terrible, Horrible,…",2014-10-10,Comedy,PG,66954149,69055550,False,2014,October,1.031385672604098
Big Hero 6,2014-11-07,Adventure,PG,222527828,229249222,False,2014,November,1.0302047346635677
Into the Woods,2014-12-25,Musical,PG,128002372,130894237,False,2014,December,1.0225922766493734
Strange Magic,2015-01-23,Adventure,PG,12429583,12429583,False,2015,January,1.0
"McFarland, USA",2015-02-20,Drama,PG,44480275,44480275,False,2015,February,1.0
Cinderella,2015-03-13,Drama,PG,201151353,201151353,False,2015,March,1.0
Monkey Kingdom,2015-04-17,Documentary,G,16432322,16432322,False,2015,April,1.0
Avengers: Age of Ultron,2015-05-01,Action,PG-13,459005868,459005868,False,2015,May,1.0
Tomorrowland,2015-05-22,Adventure,PG,93436322,93436322,False,2015,May,1.0
Inside Out,2015-06-19,Adventure,PG,356461711,356461711,False,2015,June,1.0
Ant-Man,2015-07-17,Action,PG-13,180202163,180202163,False,2015,July,1.0
Bridge of Spies,2015-10-16,Thriller/Suspense,PG-13,72313754,72313754,False,2015,October,1.0
The Good Dinosaur,2015-11-25,Adventure,PG,123087120,123087120,False,2015,November,1.0
Star Wars Ep. VII: The Force Awakens,2015-12-18,Adventure,PG-13,936662225,936662225,False,2015,December,1.0
The Finest Hours,2016-01-29,Thriller/Suspense,PG,27569558,27569558,False,2016,January,1.0
Zootopia,2016-03-04,Adventure,PG,341268248,341268248,False,2016,March,1.0
The Jungle Book,2016-04-15,Adventure,PG,364001123,364001123,False,2016,April,1.0
A Beautiful Planet,2016-04-29,Documentary,G,7895708,7895708,False,2016,April,1.0
Captain America: Civil War,2016-05-06,Action,PG-13,408084349,408084349,False,2016,May,1.0
Alice Through the Looking Glass,2016-05-27,Adventure,PG,77042381,77042381,False,2016,May,1.0
Finding Dory,2016-06-17,Adventure,PG,486295561,486295561,False,2016,June,1.0
The BFG,2016-07-01,Adventure,PG,55483770,55483770,False,2016,July,1.0
Pete’s Dragon,2016-08-12,Adventure,PG,76233151,76233151,False,2016,August,1.0
The Light Between Oceans,2016-09-02,Drama,PG-13,12545979,12545979,False,2016,September,1.0
Queen of Katwe,2016-09-23,Drama,PG,8874389,8874389,False,2016,September,1.0
Doctor Strange,2016-11-04,Adventure,PG-13,232532923,232532923,False,2016,November,1.0
Moana,2016-11-23,Adventure,PG,246082029,246082029,False,2016,November,1.0
Rogue One: A Star Wars Story,2016-12-16,Adventure,PG-13,529483936,529483936,False,2016,December,1.0
